Date,Name,Year,Letterboxd URI,Rating
2020-01-28,American Psycho,2000,https://boxd.it/28Vs,5
2020-01-28,Borat: Cultural Learnings of America for Make Benefit Glorious Nation of Kazakhstan,2006,https://boxd.it/2agQ,5
2020-07-19,Love & Mercy,2014,https://boxd.it/8bd6,5
2020-09-03,High and Low,1963,https://boxd.it/1RSc,5
2020-09-07,"Synecdoche, New York",2008,https://boxd.it/23zw,5
2020-09-08,Hero,2002,https://boxd.it/2bcq,5
2020-09-08,Casino,1995,https://boxd.it/2ads,5
2020-09-08,Tommy Boy,1995,https://boxd.it/1TZ0,5
2020-09-08,Clifford,1994,https://boxd.it/26jw,5
2020-09-08,GoodFellas,1990,https://boxd.it/29FA,5
2020-09-08,Eternal Sunshine of the Spotless Mind,2004,https://boxd.it/6YK,5
2020-09-09,Beverly Hills Ninja,1997,https://boxd.it/1Ydg,5
2020-09-09,Black Sheep,1996,https://boxd.it/1OXe,5
2020-09-27,Being John Malkovich,1999,https://boxd.it/2ahu,5
2020-10-15,What's Eating Gilbert Grape,1993,https://boxd.it/28xg,5
2020-10-17,Fargo,1996,https://boxd.it/2aHM,5
2020-10-18,The Silence of the Lambs,1991,https://boxd.it/2aHW,5
2020-11-28,Billy Madison,1995,https://boxd.it/1UQI,5
2020-12-01,Freddy Got Fingered,2001,https://boxd.it/1QGk,5
2020-12-01,Dirty Work,1998,https://boxd.it/1NOg,5
2020-12-01,Videodrome,1983,https://boxd.it/29uC,5
2020-12-02,RoboCop,1987,https://boxd.it/22Wu,5
2020-12-03,The Taking of Pelham One Two Three,1974,https://boxd.it/20lG,5
2020-12-04,Manhunter,1986,https://boxd.it/1TOw,5
2020-12-05,My Dinner with Andre,1981,https://boxd.it/1vLe,5
2020-12-05,The King of Comedy,1982,https://boxd.it/2aJS,5
2020-12-05,Akira,1988,https://boxd.it/2b1i,5
2020-12-05,Punch-Drunk Love,2002,https://boxd.it/20E4,5
2020-12-05,After Hours,1985,https://boxd.it/1VfS,5
2020-12-06,Wanda,1970,https://boxd.it/2OjK,5
2020-12-23,Gymkata,1985,https://boxd.it/1NPo,5
2020-12-25,Die Hard,1988,https://boxd.it/2a7u,5
2020-12-28,Gummo,1997,https://boxd.it/1H0Y,5
2021-01-30,Gran Torino,2008,https://boxd.it/1Qzy,5
2021-02-02,River's Edge,1986,https://boxd.it/1C7q,5
2021-02-03,Con Air,1997,https://boxd.it/28gO,5
2021-02-04,Jackie Brown,1997,https://boxd.it/2aVO,5
2021-02-05,Heat,1995,https://boxd.it/2bg8,5
2021-02-14,Eastern Promises,2007,https://boxd.it/275q,5
2021-02-16,Amadeus,1984,https://boxd.it/2aH8,5
2021-02-21,Lady Snowblood,1973,https://boxd.it/26Fi,5
2021-02-21,Amélie,2001,https://boxd.it/2aUc,5
2021-02-22,The Florida Project,2017,https://boxd.it/dMG0,5
2021-03-21,Kingpin,1996,https://boxd.it/1TB8,5
2021-03-29,Rear Window,1954,https://boxd.it/2a6Q,5
2021-04-06,Perfect Blue,1997,https://boxd.it/1W7A,5
2021-04-07,Training Day,2001,https://boxd.it/27A4,5
2021-04-12,Belly,1998,https://boxd.it/1R5Y,5
2021-05-12,The Kid Detective,2020,https://boxd.it/r0qm,5
2021-06-06,Audition,1999,https://boxd.it/1UHm,5
2021-07-25,Falling Down,1993,https://boxd.it/194M,5
2021-09-06,L.A. Confidential,1997,https://boxd.it/27oC,5
2021-09-14,The Voyeurs,2021,https://boxd.it/nZoe,5
2021-09-18,Mysterious Skin,2004,https://boxd.it/1UsG,5
2021-11-30,Sling Blade,1996,https://boxd.it/1RRo,5
2021-12-25,Annie Hall,1977,https://boxd.it/29M2,5
2021-12-25,Miller's Crossing,1990,https://boxd.it/2avG,5
2021-12-26,Dog Day Afternoon,1975,https://boxd.it/29bg,5
2021-12-26,Boogie Nights,1997,https://boxd.it/23um,5
2021-12-27,Magnolia,1999,https://boxd.it/2aze,5
2021-12-28,The Master,2012,https://boxd.it/2cBG,5
2021-12-29,A Serious Man,2009,https://boxd.it/1RFW,5
2021-12-30,There Will Be Blood,2007,https://boxd.it/20Z2,5
2021-12-30,25th Hour,2002,https://boxd.it/28LC,5
2021-12-31,Ghost World,2001,https://boxd.it/28Dy,5
2022-02-02,Riders of Justice,2020,https://boxd.it/oHQc,5
2022-02-03,To Die For,1995,https://boxd.it/2a5o,5
2022-02-04,The Royal Tenenbaums,2001,https://boxd.it/1YHU,5
2022-02-04,Moonrise Kingdom,2012,https://boxd.it/2Wng,5
2022-02-04,Clueless,1995,https://boxd.it/1Ygk,5
2022-02-04,Superbad,2007,https://boxd.it/20hO,5
2022-02-04,The Jerk,1979,https://boxd.it/21EO,5
2022-02-06,Licorice Pizza,2021,https://boxd.it/qTKY,5
2022-02-06,Police Story,1985,https://boxd.it/1Zhe,5
2022-02-06,Phantom Thread,2017,https://boxd.it/e4uc,5
2022-02-07,Better Off Dead...,1985,https://boxd.it/1PFU,5
2022-02-08,Possession,1981,https://boxd.it/1BPm,5
2022-02-09,Do the Right Thing,1989,https://boxd.it/29gA,5
2022-02-10,The Apartment,1960,https://boxd.it/2aGE,5
2022-02-13,"Paris, Texas",1984,https://boxd.it/29Ts,5
2022-02-24,Chungking Express,1994,https://boxd.it/1UDa,5
2022-02-25,Sexy Beast,2000,https://boxd.it/1SZS,5
2022-02-26,Barton Fink,1991,https://boxd.it/2aFQ,5
2022-02-26,Raising Arizona,1987,https://boxd.it/2avQ,5
2022-02-27,Safe,1995,https://boxd.it/1gKU,5
2022-02-27,The Shining,1980,https://boxd.it/29Nu,5
2022-03-02,Carrie,1976,https://boxd.it/20ZQ,5
2022-03-03,Glengarry Glen Ross,1992,https://boxd.it/1Yw8,5
2022-03-03,Deep End,1970,https://boxd.it/i8m,5
2022-03-03,Bad Lieutenant,1992,https://boxd.it/1Src,5
2022-03-04,The Long Goodbye,1973,https://boxd.it/281O,5
2022-03-04,Blow Out,1981,https://boxd.it/1TlE,5
2022-03-04,Election,1999,https://boxd.it/1YEc,5
2022-03-05,The Believer,2001,https://boxd.it/24Qy,5
2022-03-05,Short Cuts,1993,https://boxd.it/29Nk,5
2022-03-05,Nightcrawler,2014,https://boxd.it/780m,5
2022-03-06,Cure,1997,https://boxd.it/1blA,5
2022-03-07,Charley Varrick,1973,https://boxd.it/1s2q,5
2022-03-07,Children of Men,2006,https://boxd.it/1Y2i,5
2022-03-07,A Clockwork Orange,1971,https://boxd.it/2aVE,5
2022-03-08,The Driver,1978,https://boxd.it/27jW,5
2022-03-08,Pulse,2001,https://boxd.it/1s3y,5
2022-03-09,Five Easy Pieces,1970,https://boxd.it/1tww,5
2022-03-10,Hard Target,1993,https://boxd.it/27Ck,5
2022-03-10,Dr. Strangelove or: How I Learned to Stop Worrying and Love the Bomb,1964,https://boxd.it/29eY,5
2022-03-11,The Worst Person in the World,2021,https://boxd.it/oyws,5
2022-03-11,Blue Streak,1999,https://boxd.it/1UT8,5
2022-03-12,Margaret,2011,https://boxd.it/2kbm,5
2022-03-12,Paprika,2006,https://boxd.it/23wW,5
2022-03-14,Adaptation.,2002,https://boxd.it/26mA,5
2022-03-14,Ricochet,1991,https://boxd.it/1Ypm,5
2022-03-15,Suspiria,1977,https://boxd.it/1SNW,5
2022-03-15,They Live,1988,https://boxd.it/20lm,5
2022-03-15,Moonstruck,1987,https://boxd.it/27zg,5
2022-03-16,Total Recall,1990,https://boxd.it/29qK,5
2022-03-16,Scream,1996,https://boxd.it/24EC,5
2022-03-17,Barry Lyndon,1975,https://boxd.it/25A2,5
2022-03-17,King of New York,1990,https://boxd.it/1Ynq,5
2022-03-23,Tampopo,1985,https://boxd.it/1SZe,5
2022-03-24,Ms .45,1981,https://boxd.it/1AWG,5
2022-03-24,Ocean's Eleven,2001,https://boxd.it/2aZm,5
2022-03-25,Persona,1966,https://boxd.it/29B4,5
2022-03-26,Ocean's Twelve,2004,https://boxd.it/2aZ2,5
2022-03-26,Ocean's Thirteen,2007,https://boxd.it/2aEy,5
2022-03-27,Vertigo,1958,https://boxd.it/2apI,5
2022-03-27,Starship Troopers,1997,https://boxd.it/2a7k,5
2022-03-27,Wild Things,1998,https://boxd.it/29Zq,5
2022-03-30,I'm Still Here,2010,https://boxd.it/TcK,5
2022-03-31,The Fly,1986,https://boxd.it/1YIe,5
2022-03-31,Collateral,2004,https://boxd.it/28F0,5
2022-04-02,Chinatown,1974,https://boxd.it/29vU,5
2022-04-04,Dead or Alive,1999,https://boxd.it/1U9u,5
2022-04-05,The Yards,2000,https://boxd.it/1F5C,5
2022-04-06,Analyze This,1999,https://boxd.it/1Yr8,5
2022-04-07,Before Sunrise,1995,https://boxd.it/2bcU,5
2022-04-07,Before Sunset,2004,https://boxd.it/2bcg,5
2022-04-07,Before Midnight,2013,https://boxd.it/4ive,5
2022-04-08,Miami Vice,2006,https://boxd.it/2bbW,5
2022-04-09,In the Mood for Love,2000,https://boxd.it/29tE,5
2022-04-09,The Terminator,1984,https://boxd.it/2aQY,5
2022-04-10,Body Snatchers,1993,https://boxd.it/23UE,5
2022-04-10,To Live and Die in L.A.,1985,https://boxd.it/1XFo,5
2022-04-12,Death Proof,2007,https://boxd.it/27GG,5
2022-04-13,Inglourious Basterds,2009,https://boxd.it/1JzG,5
2022-04-16,Point Break,1991,https://boxd.it/2958,5
2022-04-16,Big Trouble in Little China,1986,https://boxd.it/21em,5
2022-04-19,2001: A Space Odyssey,1968,https://boxd.it/2bf0,5
2022-04-22,Hard Boiled,1992,https://boxd.it/1T6a,5
2022-04-24,Shame,2011,https://boxd.it/2CxU,5
2022-04-25,The Tree of Life,2011,https://boxd.it/1Zu8,5
2022-04-25,Manchester by the Sea,2016,https://boxd.it/b2L0,5
2022-05-02,The Aviator,2004,https://boxd.it/26BU,5
2022-05-02,Cape Fear,1991,https://boxd.it/28vu,5
2022-05-04,Phantom of the Paradise,1974,https://boxd.it/1s34,5
2022-05-06,Crimes and Misdemeanors,1989,https://boxd.it/1Ty4,5
2022-05-07,Trading Places,1983,https://boxd.it/28sK,5
2022-05-07,The Insider,1999,https://boxd.it/1ZoE,5
2022-05-08,Richard Jewell,2019,https://boxd.it/99Mg,5
2022-05-08,The Texas Chain Saw Massacre,1974,https://boxd.it/1lcS,5
2022-05-09,Hannah and Her Sisters,1986,https://boxd.it/23jy,5
2022-05-10,Network,1976,https://boxd.it/1VqG,5
2022-05-11,Husbands and Wives,1992,https://boxd.it/1pIe,5
2022-05-12,The Purple Rose of Cairo,1985,https://boxd.it/1VeU,5
2022-05-13,Deconstructing Harry,1997,https://boxd.it/26xe,5
2022-05-17,Talk Radio,1988,https://boxd.it/1X0K,5
2022-05-19,Southland Tales,2006,https://boxd.it/23Uu,5
2022-05-20,Tetsuo: The Iron Man,1989,https://boxd.it/ZoM,5
2022-05-21,Unforgiven,1992,https://boxd.it/6Z4,5
2022-05-21,Buffalo '66,1998,https://boxd.it/1YC6,5
2022-05-22,The Beguiled,1971,https://boxd.it/1i9m,5
2022-05-23,Zelig,1983,https://boxd.it/1UOC,5
2022-05-24,Maps to the Stars,2014,https://boxd.it/4WCu,5
2022-05-24,A History of Violence,2005,https://boxd.it/2bfa,5
2022-05-26,Body Double,1984,https://boxd.it/1TGW,5
2022-05-27,The Conversation,1974,https://boxd.it/2a38,5
2022-05-28,Tokyo Fist,1995,https://boxd.it/Z2m,5
2022-05-30,Thief,1981,https://boxd.it/1TEc,5
2022-05-31,Killer Joe,2011,https://boxd.it/2vtQ,5
2022-05-31,Drugstore Cowboy,1989,https://boxd.it/2aj6,5
2022-06-02,Badlands,1973,https://boxd.it/25Fm,5
2022-06-02,Heathers,1989,https://boxd.it/26x4,5
2022-06-02,Re-Animator,1985,https://boxd.it/28hM,5
2022-06-03,"Hi, Mom!",1970,https://boxd.it/Wwy,5
2022-06-03,Unstoppable,2010,https://boxd.it/SVO,5
2022-06-05,Crimes of the Future,2022,https://boxd.it/uTuY,5
2022-06-05,Crank,2006,https://boxd.it/27MY,5
2022-06-05,Crank: High Voltage,2009,https://boxd.it/1MPs,5
2022-06-07,JFK,1991,https://boxd.it/29xm,5
2022-06-09,Tinker Tailor Soldier Spy,2011,https://boxd.it/FRY,5
2022-06-11,Mission: Impossible,1996,https://boxd.it/29d2,5
2022-06-12,Ronin,1998,https://boxd.it/20wa,5
2022-06-15,Executive Decision,1996,https://boxd.it/26We,5
2022-06-17,Halloween,1978,https://boxd.it/2wRu,5
2022-06-18,Bug,2006,https://boxd.it/1RN2,5
2022-06-19,Memories of Murder,2003,https://boxd.it/1TSo,5
2022-06-20,A Simple Plan,1998,https://boxd.it/1WMo,5
2022-06-21,True Lies,1994,https://boxd.it/19pq,5
2022-06-26,Sorcerer,1977,https://boxd.it/14J6,5
2022-06-26,Brawl in Cell Block 99,2017,https://boxd.it/dWOo,5
2022-06-26,Dragged Across Concrete,2018,https://boxd.it/fAly,5
2022-06-27,Bone Tomahawk,2015,https://boxd.it/9kiw,5
2022-06-28,Commando,1985,https://boxd.it/1UTs,5
2022-06-29,Sudden Death,1995,https://boxd.it/1ZbA,5
2022-06-30,"Goodbye, Dragon Inn",2003,https://boxd.it/oFG,5
2022-07-01,Non-Stop,2014,https://boxd.it/6FtO,5
2022-07-03,No Country for Old Men,2007,https://boxd.it/21ew,5
2022-07-04,Showgirls,1995,https://boxd.it/1Vmk,5
2022-07-05,Pain & Gain,2013,https://boxd.it/4lp4,5
2022-07-05,Zodiac,2007,https://boxd.it/27MO,5
2022-07-06,Black Christmas,1974,https://boxd.it/1Js6,5
2022-07-08,Millennium Actress,2001,https://boxd.it/1fK0,5
2022-07-10,The Running Man,1987,https://boxd.it/29q6,5
2022-07-12,House of Wax,2005,https://boxd.it/1XaU,5
2022-07-13,Hardcore,1979,https://boxd.it/XyA,5
2022-07-16,From Beyond,1986,https://boxd.it/1NXi,5
2022-07-18,Mishima: A Life in Four Chapters,1985,https://boxd.it/1sBA,5
2022-07-19,Days of Thunder,1990,https://boxd.it/27os,5
2022-07-20,Blood Simple,1984,https://boxd.it/1U16,5
2022-07-21,Stardust Memories,1980,https://boxd.it/1U66,5
2022-07-22,Dressed to Kill,1980,https://boxd.it/1UO8,5
2022-07-23,Raising Cain,1992,https://boxd.it/1P5C,5
2022-07-24,Terminator 2: Judgment Day,1991,https://boxd.it/2aGY,5
2022-07-25,The Birds,1963,https://boxd.it/2a6m,5
2022-07-26,Alpha Dog,2006,https://boxd.it/20Va,5
2022-07-27,Maniac,2012,https://boxd.it/3wzs,5
2022-07-28,Sisters,1972,https://boxd.it/1AMc,5
2022-07-30,The Raid,2011,https://boxd.it/3hBy,5
2022-07-31,Mad Max: Fury Road,2015,https://boxd.it/2DjO,5
2022-08-01,Sunset Boulevard,1950,https://boxd.it/2a20,5
2022-08-02,Dirty Harry,1971,https://boxd.it/299E,5
2022-08-03,Stop Making Sense,1984,https://boxd.it/1ygo,5
2022-08-04,12 Angry Men,1957,https://boxd.it/2auI,5
2022-08-05,The French Connection,1971,https://boxd.it/296g,5
2022-08-07,Carlito's Way,1993,https://boxd.it/226e,5
2022-08-08,Femme Fatale,2002,https://boxd.it/1Z4Y,5
2022-08-09,The Empty Man,2020,https://boxd.it/iIWS,5
2022-08-14,Fear,1996,https://boxd.it/1W0a,5
2022-08-15,Cruel Intentions,1999,https://boxd.it/29Be,5
2022-08-16,The Italian Job,2003,https://boxd.it/1Y86,5
2022-08-17,Freeway,1996,https://boxd.it/1Uju,5
2022-08-19,Miami Blues,1990,https://boxd.it/1N5g,5
2022-08-22,Jackass Number Two,2006,https://boxd.it/1SyM,5
2022-08-23,The Last Days of Disco,1998,https://boxd.it/1JpQ,5
2022-08-24,Metropolitan,1990,https://boxd.it/1Mku,5
2022-08-26,Private Parts,1997,https://boxd.it/1YLM,5
2022-08-28,The Talented Mr. Ripley,1999,https://boxd.it/2924,5
2022-08-29,The Basketball Diaries,1995,https://boxd.it/1WaO,5
2022-08-30,Jerry Maguire,1996,https://boxd.it/1YNS,5
2022-09-02,Dead or Alive 2: Birds,2000,https://boxd.it/1Pbq,5
2022-09-03,The Thing,1982,https://boxd.it/294O,5
2022-09-04,There's Something About Mary,1998,https://boxd.it/2aae,5
2022-09-05,The Last Boy Scout,1991,https://boxd.it/1YYQ,5
2022-09-07,House,1977,https://boxd.it/1vsm,5
2022-09-09,Days of Heaven,1978,https://boxd.it/1JRg,5
2022-09-10,Jaws,1975,https://boxd.it/2a5e,5
2022-09-11,True Romance,1993,https://boxd.it/2aBa,5
2022-09-12,Take the Money and Run,1969,https://boxd.it/1TJQ,5
2022-09-13,In the Mouth of Madness,1994,https://boxd.it/26vi,5
2022-09-14,Bananas,1971,https://boxd.it/1UbA,5
2022-09-15,Breathless,1960,https://boxd.it/2aIK,5
2022-10-04,The Commuter,2018,https://boxd.it/dZ36,5
2022-11-20,The Matrix,1999,https://boxd.it/2a1m,5
2022-11-21,TÁR,2022,https://boxd.it/uNIA,5
2022-11-27,Society,1989,https://boxd.it/1ARc,5
2023-01-03,Ghost in the Shell,1995,https://boxd.it/1YYc,5
2023-01-19,Orphan,2009,https://boxd.it/1CgM,5
2023-01-22,Cop,1988,https://boxd.it/1iuY,5
2023-01-29,Black Christmas,2006,https://boxd.it/1Y7M,5
2023-01-30,Strange Days,1995,https://boxd.it/2aGO,5
2023-02-12,The Pelican Brief,1993,https://boxd.it/1Xt8,5
2023-02-12,Casualties of War,1989,https://boxd.it/1WZ8,5
2023-02-14,Affliction,1997,https://boxd.it/1iAM,5
2023-02-18,Walking Tall,1973,https://boxd.it/1vKA,5
2023-02-19,"The Cook, the Thief, His Wife & Her Lover",1989,https://boxd.it/20VO,5
2023-02-20,Dogville,2003,https://boxd.it/2a8W,5
2023-02-21,Double Indemnity,1944,https://boxd.it/297I,5
2023-02-23,Lost in Translation,2003,https://boxd.it/2b0E,5
2023-02-24,Lost Highway,1997,https://boxd.it/29Wc,5
2023-02-27,The Silent Partner,1978,https://boxd.it/1vZq,5
2023-02-28,Mystic River,2003,https://boxd.it/2aAG,5
2023-03-04,From Dusk Till Dawn,1996,https://boxd.it/29HQ,5
2023-03-07,Drag Me to Hell,2009,https://boxd.it/1Jzw,5
2023-03-08,Gone Baby Gone,2007,https://boxd.it/23R6,5
2023-03-10,Half Nelson,2006,https://boxd.it/20Ng,5
2023-03-11,Rocky,1976,https://boxd.it/28Uk,5
2023-03-11,Rocky II,1979,https://boxd.it/28Ua,5
2023-03-12,Notes on a Scandal,2006,https://boxd.it/28Zu,5
2023-03-13,The Fabelmans,2022,https://boxd.it/ugoM,5
2023-03-14,Kids,1995,https://boxd.it/1YUY,5
2023-03-15,Nowhere,1997,https://boxd.it/286E,5
2023-03-23,Bully,2001,https://boxd.it/1Yu2,5
2023-04-07,Le Cercle Rouge,1970,https://boxd.it/1Tjy,5
2023-04-11,Burning,2018,https://boxd.it/hHUa,5
2023-04-11,Party Girl,1995,https://boxd.it/1b7e,5
2023-04-14,Outrage,2010,https://boxd.it/PUo,5
2023-04-17,A Bronx Tale,1993,https://boxd.it/28uQ,5
2023-04-23,Sonatine,1993,https://boxd.it/20TI,5
2023-04-27,Match Point,2005,https://boxd.it/2b6s,5
2023-04-28,Your Name.,2016,https://boxd.it/cUqs,5
2023-05-01,Suzume,2022,https://boxd.it/yv7Y,5
2023-05-15,Pulp Fiction,1994,https://boxd.it/29Pq,5
2023-05-16,Singin' in the Rain,1952,https://boxd.it/29oY,5
2023-05-17,The Big Lebowski,1998,https://boxd.it/2b6C,5
2023-05-20,Psycho,1960,https://boxd.it/2ab2,5
2023-05-20,Kiss Kiss Bang Bang,2005,https://boxd.it/23c8,5
2023-05-22,Wild at Heart,1990,https://boxd.it/2aii,5
2023-05-25,Blade Runner,1982,https://boxd.it/2bcA,5
2023-05-27,Apocalypse Now,1979,https://boxd.it/6ZS,5
2023-05-29,Some Like It Hot,1959,https://boxd.it/2aNA,5
2023-05-30,Blow-Up,1966,https://boxd.it/2966,5
2023-06-06,The Taking of Pelham 1 2 3,2009,https://boxd.it/1GS6,5
2023-06-08,The Departed,2006,https://boxd.it/28MA,5
2023-06-10,The Hateful Eight,2015,https://boxd.it/8gw8,5
2023-06-12,Raiders of the Lost Ark,1981,https://boxd.it/2bbs,5
2023-06-13,Indiana Jones and the Temple of Doom,1984,https://boxd.it/2bb8,5
2023-06-15,Reservoir Dogs,1992,https://boxd.it/2agc,5
2023-06-16,Casablanca,1942,https://boxd.it/2aG0,5
2023-06-17,The Age of Innocence,1993,https://boxd.it/1WgM,5
2023-06-17,Cop Land,1997,https://boxd.it/27ly,5
2023-06-17,Deep Cover,1992,https://boxd.it/1D5g,5
2023-06-17,The Fury,1978,https://boxd.it/1RA8,5
2023-06-17,Kill Bill: Vol. 1,2003,https://boxd.it/70w,5
2023-06-17,Dazed and Confused,1993,https://boxd.it/1Ylk,5
2023-06-17,Airplane!,1980,https://boxd.it/29yu,5
2023-06-17,Taxi Driver,1976,https://boxd.it/2b8y,5
2023-06-17,La Notte,1961,https://boxd.it/10iU,5
2023-06-18,Rope,1948,https://boxd.it/28yo,5
2023-06-18,Manhattan,1979,https://boxd.it/29Na,5
2023-06-19,The Town,2010,https://boxd.it/1zyS,5
2023-06-21,Basic Instinct,1992,https://boxd.it/2asM,5
2023-06-21,The Doom Generation,1995,https://boxd.it/1PVe,5
2023-06-22,Once Upon a Time... in Hollywood,2019,https://boxd.it/gH0O,5
2023-06-23,Strangers on a Train,1951,https://boxd.it/29tk,5
2023-06-24,Ripley's Game,2002,https://boxd.it/1UZg,5
2023-06-25,North by Northwest,1959,https://boxd.it/2aRM,5
2023-06-28,Blue Ruin,2013,https://boxd.it/5H8G,5
2023-06-30,Green Room,2015,https://boxd.it/a75m,5
2023-07-01,Straw Dogs,1971,https://boxd.it/2982,5
2023-07-06,Gone Girl,2014,https://boxd.it/6hQu,5
2023-07-07,Golgo 13: The Professional,1983,https://boxd.it/1HQ6,5
2023-07-07,The Night of the Hunter,1955,https://boxd.it/25HW,5
2023-07-08,The Grand Budapest Hotel,2014,https://boxd.it/3ZqO,5
2023-07-09,Le Samouraï,1967,https://boxd.it/22ZI,5
2023-07-11,Déjà Vu,2006,https://boxd.it/20PQ,5
2023-07-13,Who Framed Roger Rabbit,1988,https://boxd.it/29ry,5
2023-07-25,The Fog,1980,https://boxd.it/29Cc,5
2023-07-30,Uncut Gems,2019,https://boxd.it/gXGc,5
2023-07-31,Vanilla Sky,2001,https://boxd.it/27TK,5
2023-08-10,Hoop Dreams,1994,https://boxd.it/1Opc,5
2023-09-01,The Assassination of Jesse James by the Coward Robert Ford,2007,https://boxd.it/24dG,5
2023-09-11,The Player,1992,https://boxd.it/1WlM,5
2023-09-14,Fallen Angels,1995,https://boxd.it/1UkW,5
2023-09-18,Yi Yi,2000,https://boxd.it/1vCw,5
2023-09-19,Le Doulos,1962,https://boxd.it/1CVg,5
2023-09-21,Le Trou,1960,https://boxd.it/1nSw,5
2023-09-22,The Killing,1956,https://boxd.it/2aMi,5
2023-09-23,The Wages of Fear,1953,https://boxd.it/2aSK,5
2023-09-24,The 400 Blows,1959,https://boxd.it/2b1C,5
2023-09-24,Cléo from 5 to 7,1962,https://boxd.it/2agm,5
2023-09-25,Elevator to the Gallows,1958,https://boxd.it/294u,5
2023-09-26,Pierrot le Fou,1965,https://boxd.it/26j2,5
2023-09-27,Contempt,1963,https://boxd.it/2aJe,5
2023-09-28,La Chinoise,1967,https://boxd.it/28rC,5
2023-10-03,Diabolique,1955,https://boxd.it/29we,5
2023-10-08,Bob le Flambeur,1956,https://boxd.it/1uC6,5
2023-10-10,Showing Up,2022,https://boxd.it/tJ1q,5
2023-10-11,Wendy and Lucy,2008,https://boxd.it/1Zx2,5
2023-10-15,M,1931,https://boxd.it/29vq,5
2023-10-19,Porco Rosso,1992,https://boxd.it/1Tp2,5
2023-10-22,"The Good, the Bad and the Ugly",1966,https://boxd.it/2ape,5
2023-10-31,L'Avventura,1960,https://boxd.it/23hs,5
2023-11-04,Mission: Impossible II,2000,https://boxd.it/29cS,5
2023-11-06,Final Destination,2000,https://boxd.it/1YrC,5
2023-11-06,Final Destination 2,2003,https://boxd.it/1YSS,5
2023-11-07,Final Destination 3,2006,https://boxd.it/1Z40,5
2023-11-07,Final Destination 5,2011,https://boxd.it/r1k,5
2023-11-08,The Bling Ring,2013,https://boxd.it/3lPY,5
2023-11-10,Mission: Impossible – Ghost Protocol,2011,https://boxd.it/psI,5
2023-11-28,Rashomon,1950,https://boxd.it/2a9K,5
2023-11-29,Princess Mononoke,1997,https://boxd.it/2b4w,5
2023-11-30,Riki-Oh: The Story of Ricky,1991,https://boxd.it/1IDs,5
2023-12-01,Kiki's Delivery Service,1989,https://boxd.it/1JAY,5
2023-12-03,The Castle of Cagliostro,1979,https://boxd.it/1Mn4,5
2023-12-04,May December,2023,https://boxd.it/vEE2,5
2023-12-04,The Holdovers,2023,https://boxd.it/vHza,5
2023-12-05,"Are You There God? It's Me, Margaret.",2023,https://boxd.it/kiYC,5
2023-12-06,Killers of the Flower Moon,2023,https://boxd.it/gHp0,5
2023-12-07,Oppenheimer,2023,https://boxd.it/wUow,5
2023-12-08,The House of Yes,1997,https://boxd.it/1fGM,5
2023-12-09,Henry Fool,1997,https://boxd.it/18ow,5
2023-12-12,Kiss Me Deadly,1955,https://boxd.it/1HHe,5
2023-12-13,The Daytrippers,1996,https://boxd.it/F9i,5
2023-12-14,Notorious,1946,https://boxd.it/2aDK,5
2023-12-15,Dial M for Murder,1954,https://boxd.it/2adW,5
2023-12-15,To Catch a Thief,1955,https://boxd.it/2avm,5
2023-12-16,Shadow of a Doubt,1943,https://boxd.it/1BtA,5
2023-12-17,Scarface,1983,https://boxd.it/2b7g,5
2023-12-18,Smiley Face,2007,https://boxd.it/1QG0,5
2023-12-19,Midnight in Paris,2011,https://boxd.it/i4a,5
2023-12-19,Rosemary's Baby,1968,https://boxd.it/29zM,5
2023-12-20,A Fistful of Dollars,1964,https://boxd.it/2auo,5
2023-12-21,The Ruins,2008,https://boxd.it/1UvA,5
2023-12-22,Freeway II: Confessions of a Trickbaby,1999,https://boxd.it/12To,5
2023-12-23,But I'm a Cheerleader,1999,https://boxd.it/1CW4,5
2023-12-23,Slums of Beverly Hills,1998,https://boxd.it/1NCO,5
2023-12-25,It's a Wonderful Life,1946,https://boxd.it/28xA,5
2023-12-26,Darkman,1990,https://boxd.it/1YnK,5
2023-12-27,Crumb,1994,https://boxd.it/1tDi,5
2023-12-29,Clockwatchers,1997,https://boxd.it/rxg,5
2023-12-29,The 39 Steps,1935,https://boxd.it/2aKc,5
2023-12-31,The Hudsucker Proxy,1994,https://boxd.it/1SJA,5
2024-01-01,Waiting for Guffman,1996,https://boxd.it/1K4E,5
2024-01-01,Best in Show,2000,https://boxd.it/1Pqq,5
2024-01-02,Brief Encounter,1945,https://boxd.it/29sm,5
2024-01-03,The Hidden,1987,https://boxd.it/1RUW,5
2024-01-06,Two Lovers,2008,https://boxd.it/1Ws4,5
2024-01-07,L'Eclisse,1962,https://boxd.it/1CoG,5
2024-01-09,Sweet Smell of Success,1957,https://boxd.it/29aW,5
2024-01-10,Blood Rage,1987,https://boxd.it/1pSI,5
2024-01-10,Mikey and Nicky,1976,https://boxd.it/iL4,5
2024-01-11,Man on Fire,2004,https://boxd.it/1Yvk,5
2024-01-11,SubUrbia,1996,https://boxd.it/1qlK,5
2024-01-12,Henry: Portrait of a Serial Killer,1986,https://boxd.it/1VCM,5
2024-01-13,The Bridges of Madison County,1995,https://boxd.it/29Os,5
2024-01-14,City Lights,1931,https://boxd.it/29ki,5
2024-01-16,The Hitcher,1986,https://boxd.it/1Yq0,5
2024-01-17,In the Cut,2003,https://boxd.it/1V12,5
2024-01-20,Blast of Silence,1961,https://boxd.it/1hVO,5
2024-01-23,The Last House on the Left,1972,https://boxd.it/1M4m,5
2024-01-25,Support the Girls,2018,https://boxd.it/ghHs,5
2024-01-26,Marathon Man,1976,https://boxd.it/1W4c,5
2024-01-28,Nixon,1995,https://boxd.it/1Vds,5
2024-02-01,Sully,2016,https://boxd.it/cD8Q,5
2024-02-02,Prince of Darkness,1987,https://boxd.it/1ZKq,5
2024-02-02,For a Few Dollars More,1965,https://boxd.it/29eu,5
2024-02-03,Paths of Glory,1957,https://boxd.it/29b6,5
2024-02-04,Targets,1968,https://boxd.it/1Fbq,5
2024-02-05,McCabe & Mrs. Miller,1971,https://boxd.it/1ooC,5
2024-02-06,Seven Beauties,1975,https://boxd.it/185a,5
2024-02-09,The Lost Weekend,1945,https://boxd.it/1pgE,5
2024-02-10,Cape Fear,1962,https://boxd.it/1U4a,5
2024-02-11,Marnie,1964,https://boxd.it/2afe,5
2024-02-12,Go,1999,https://boxd.it/1YHA,5
2024-02-12,Crash,1996,https://boxd.it/29n2,5
2024-02-13,The Mule,2018,https://boxd.it/idcY,5
2024-02-14,Sudden Impact,1983,https://boxd.it/1VJe,5
2024-02-15,High Plains Drifter,1973,https://boxd.it/1SOK,5
2024-02-16,Escape from Alcatraz,1979,https://boxd.it/1Vwk,5
2024-02-17,Madame Web,2024,https://boxd.it/nwD0,5
2024-02-18,Mirror,1975,https://boxd.it/28Q8,5
2024-02-18,Broadway Danny Rose,1984,https://boxd.it/1Rie,5
2024-02-18,Another Woman,1988,https://boxd.it/1Aw4,5
2024-02-19,Vicky Cristina Barcelona,2008,https://boxd.it/23rW,5
2024-02-19,Blue Jasmine,2013,https://boxd.it/50MI,5
2024-02-20,Manhattan Murder Mystery,1993,https://boxd.it/1Wg8,5
2024-02-21,Love and Death,1975,https://boxd.it/1TeS,5
2024-02-21,Radio Days,1987,https://boxd.it/1kms,5
2024-02-23,Eyes Wide Shut,1999,https://boxd.it/2axs,5
2024-02-24,The Fortune Cookie,1966,https://boxd.it/27W0,5
2024-02-25,Ace in the Hole,1951,https://boxd.it/1vXk,5
2024-02-25,Blue Velvet,1986,https://boxd.it/29BI,5
2024-02-26,Mulholland Drive,2001,https://boxd.it/297o,5
2024-02-26,Alien,1979,https://boxd.it/2awY,5
2024-02-29,Eraserhead,1977,https://boxd.it/299u,5
2024-03-03,Avatar,2009,https://boxd.it/1Efm,5
2024-03-07,The Devils,1971,https://boxd.it/1inI,5
2024-03-09,A Woman Under the Influence,1974,https://boxd.it/1myg,5
2024-03-10,The Intruder,1962,https://boxd.it/2MqE,5
2024-03-10,The Swimmer,1968,https://boxd.it/1ffG,5
2024-03-11,Band of Outsiders,1964,https://boxd.it/20Aw,5
2024-03-12,Masculin Féminin,1966,https://boxd.it/23UY,5
2024-03-15,A Mighty Wind,2003,https://boxd.it/1Qke,5
2024-03-16,A Woman Is a Woman,1961,https://boxd.it/1iUC,5
2024-03-17,Vivre Sa Vie,1962,https://boxd.it/28s6,5
2024-03-18,Lawrence of Arabia,1962,https://boxd.it/2wRE,5
2024-03-21,The Bellboy,1960,https://boxd.it/1LwE,5
2024-04-12,Neon Genesis Evangelion: The End of Evangelion,1997,https://boxd.it/1GRM,5
2024-04-13,Prescription: Murder,1968,https://boxd.it/ipEU,5
2024-04-15,The Deer Hunter,1978,https://boxd.it/1T6O,5
2024-04-16,In a Lonely Place,1950,https://boxd.it/1JgO,5
2024-04-24,Face/Off,1997,https://boxd.it/29I0,5
2024-04-25,Branded to Kill,1967,https://boxd.it/1HSQ,5
2024-04-27,Speed Racer,2008,https://boxd.it/20UQ,5
2024-04-28,The Last Seduction,1994,https://boxd.it/1w4g,5
2024-04-30,Scoop,2006,https://boxd.it/2aeg,5
2024-05-02,We Own the Night,2007,https://boxd.it/27F4,5
2024-05-05,Cassandra's Dream,2007,https://boxd.it/23PY,5
2024-05-06,Challengers,2024,https://boxd.it/zld0,5
2024-05-07,Carol,2015,https://boxd.it/7DPK,5
2024-05-09,The Unbelievable Truth,1989,https://boxd.it/15LC,5
2024-05-10,Gattaca,1997,https://boxd.it/29Du,5
2024-05-12,Pump Up the Volume,1990,https://boxd.it/20aI,5
2024-05-13,Bitter Moon,1992,https://boxd.it/1W76,5
2024-05-13,I Saw the TV Glow,2024,https://boxd.it/woVe,5
2024-05-14,Artists and Models,1955,https://boxd.it/UN8,5
2024-05-15,Fay Grim,2006,https://boxd.it/1y64,5
2024-05-16,Miracle Mile,1988,https://boxd.it/1x68,5
2024-05-21,The Anniversary Party,2001,https://boxd.it/1tPo,5
2024-05-22,The Docks of New York,1928,https://boxd.it/29mS,5
2024-05-23,Monster,2003,https://boxd.it/2afy,5
2024-05-24,Made in U.S.A,1966,https://boxd.it/1nDw,5
2024-05-25,Furiosa: A Mad Max Saga,2024,https://boxd.it/tABk,5
2024-05-31,What a Way to Go!,1964,https://boxd.it/1z3K,5
2024-06-01,Mighty Aphrodite,1995,https://boxd.it/1TPu,5
2024-06-02,Everyone Says I Love You,1996,https://boxd.it/1XYK,5
2024-06-05,Sleeper,1973,https://boxd.it/1Tye,5
2024-06-07,He Got Game,1998,https://boxd.it/1YBs,5
2024-06-09,Holy Smoke,1999,https://boxd.it/1Pq6,5
2024-06-10,Amateur,1994,https://boxd.it/1lQ4,5
2024-06-11,The Beast,2023,https://boxd.it/yqmk,5
2024-06-14,Spectre,2015,https://boxd.it/6bXY,5
2024-06-15,Peeping Tom,1960,https://boxd.it/1Utk,5
2024-06-17,Spring Breakers,2012,https://boxd.it/421s,5
2024-06-18,Red Eye,2005,https://boxd.it/1TNy,5
2024-06-20,Polyester,1981,https://boxd.it/1Oq0,5
2024-06-20,Special Effects,1984,https://boxd.it/3nBY,5
2024-06-20,Before the Devil Knows You're Dead,2007,https://boxd.it/20Jy,5
2024-06-20,The Social Network,2010,https://boxd.it/17ue,5
2024-06-23,Carnage,2011,https://boxd.it/2peU,5
2024-06-23,Irrational Man,2015,https://boxd.it/8JOq,5
2024-06-24,La Collectionneuse,1967,https://boxd.it/23Ls,5
2024-06-25,The Girl with the Dragon Tattoo,2011,https://boxd.it/2Pa,5
2024-06-27,My Blueberry Nights,2007,https://boxd.it/27H0,5
2024-06-28,Birth,2004,https://boxd.it/1VvQ,5
2024-06-29,Godzilla Minus One,2023,https://boxd.it/zu4c,5
2024-06-30,Ned Rifle,2014,https://boxd.it/8Lea,5
2024-06-30,Run Lola Run,1998,https://boxd.it/2b8o,5
2024-06-30,Drop Dead Gorgeous,1999,https://boxd.it/1W8e,5
2024-07-01,Velvet Goldmine,1998,https://boxd.it/2878,5
2024-07-02,Daisies,1966,https://boxd.it/LZk,5
2024-07-03,Exotica,1994,https://boxd.it/1DXW,5
2024-07-15,A Summer's Tale,1996,https://boxd.it/183e,5
2024-07-17,State and Main,2000,https://boxd.it/1BcY,5
2024-07-19,Can't Hardly Wait,1998,https://boxd.it/1MWI,5
2024-07-21,The Killer,2023,https://boxd.it/u6WE,5
2024-07-22,Song to Song,2017,https://boxd.it/aR5C,5
2024-07-23,Don't Be a Menace to South Central While Drinking Your Juice in the Hood,1996,https://boxd.it/1VQa,5
2024-07-23,Blankman,1994,https://boxd.it/1D4W,5
2024-07-24,The Game,1997,https://boxd.it/26vC,5
2024-07-25,Panic Room,2002,https://boxd.it/2490,5
2024-07-26,Seven Samurai,1954,https://boxd.it/2axi,5
2024-07-30,Changeling,2008,https://boxd.it/25aS,5
2024-07-31,True Crime,1999,https://boxd.it/1Wtm,5
2024-08-02,Indiana Jones and the Last Crusade,1989,https://boxd.it/2baO,5
2024-08-04,Naked Lunch,1991,https://boxd.it/26ow,5
2024-08-05,The Godfather,1972,https://boxd.it/2aNK,5
2024-08-08,The Brood,1979,https://boxd.it/1ovS,5
2024-08-09,eXistenZ,1999,https://boxd.it/27Ni,5
2024-08-10,The Ghost Writer,2010,https://boxd.it/1TQW,5
2024-08-11,The Dead Zone,1983,https://boxd.it/1U6g,5
2024-08-12,The Wizard of Oz,1939,https://boxd.it/29Xu,5
2024-08-13,Raging Bull,1980,https://boxd.it/28yI,5
2024-08-15,The Untouchables,1987,https://boxd.it/2b6i,5
2024-08-16,The Dreamers,2003,https://boxd.it/28X4,5
2024-08-17,Inland Empire,2006,https://boxd.it/28d6,5
2024-08-19,Rabid,1977,https://boxd.it/1nuk,5
2024-08-19,Boys on the Side,1995,https://boxd.it/1YPa,5
2024-08-20,Alphaville,1965,https://boxd.it/20AG,5
2024-08-21,Purple Noon,1960,https://boxd.it/1WrU,5
2024-08-23,The Little Soldier,1963,https://boxd.it/CRm,5
2024-08-24,Bay of Angels,1963,https://boxd.it/fde,5
2024-08-25,The Umbrellas of Cherbourg,1964,https://boxd.it/22fK,5
2024-08-27,Weekend,1967,https://boxd.it/20Ac,5
2024-08-28,Le Bonheur,1965,https://boxd.it/xyk,5
2024-09-16,The Wolf of Wall Street,2013,https://boxd.it/3C1m,5
2024-09-21,Malignant,2021,https://boxd.it/mViE,5
2024-09-24,The Red Shoes,1948,https://boxd.it/1EXI,5
2024-09-24,The Virgin Suicides,1999,https://boxd.it/28JG,5
2024-09-26,Spartacus,1960,https://boxd.it/29bq,5
2024-09-27,F for Fake,1973,https://boxd.it/VxA,5
2024-09-30,Minority Report,2002,https://boxd.it/2aWi,5
2024-10-05,Fear City,1984,https://boxd.it/1Gv2,5
2024-10-06,Jacob's Ladder,1990,https://boxd.it/270g,5
2024-10-08,Seconds,1966,https://boxd.it/1Dbe,5
2024-10-09,Melancholia,2011,https://boxd.it/bPI,5
2024-10-10,Bad Lieutenant: Port of Call – New Orleans,2009,https://boxd.it/1TcW,5
2024-10-14,Somewhere,2010,https://boxd.it/14du,5
2024-10-15,Marie Antoinette,2006,https://boxd.it/27Wa,5
2024-10-17,The Man Who Shot Liberty Valance,1962,https://boxd.it/1Tdg,5
2024-10-19,Anora,2024,https://boxd.it/Egcw,5
2024-10-24,Boarding Gate,2007,https://boxd.it/1Nug,5
2024-10-26,My First Film,2024,https://boxd.it/DNCq,5
2024-10-27,Red Rocket,2021,https://boxd.it/sGpi,5
2024-10-28,All About Lily Chou-Chou,2001,https://boxd.it/1JP0,5
2024-11-05,Irma Vep,1996,https://boxd.it/1vYs,5
2024-11-08,Bullets Over Broadway,1994,https://boxd.it/1TYQ,5
2024-11-17,Shattered Glass,2003,https://boxd.it/1PXa,5
2024-11-18,Chinese Roulette,1976,https://boxd.it/1b2I,5
2024-11-18,China Girl,1987,https://boxd.it/Lhi,5
2024-11-21,"Girl, Interrupted",1999,https://boxd.it/25ds,5
2024-11-25,The Counselor,2013,https://boxd.it/3G6K,5
2024-11-27,Juror #2,2024,https://boxd.it/FRwU,5
2024-11-28,Breathless,1983,https://boxd.it/295W,5
2024-11-29,On the Rocks,2020,https://boxd.it/l8aY,5
2024-11-30,Blood Work,2002,https://boxd.it/1Yl0,5
2024-12-01,The People vs. Larry Flynt,1996,https://boxd.it/28rs,5
2024-12-02,Reality Bites,1994,https://boxd.it/26iI,5
2024-12-02,Coup de Chance,2023,https://boxd.it/ws60,5
2024-12-03,Breathe,2014,https://boxd.it/87L4,5
2024-12-04,Y Tu Mamá También,2001,https://boxd.it/28QM,5
2024-12-06,Michael Clayton,2007,https://boxd.it/2466,5
2024-12-06,Elle,2016,https://boxd.it/bdhq,5
2024-12-07,The Piano Teacher,2001,https://boxd.it/2886,5
2024-12-07,Women on the Verge of a Nervous Breakdown,1988,https://boxd.it/24GI,5
2024-12-09,Ran,1985,https://boxd.it/1Tlu,5
2024-12-10,Hollow Man,2000,https://boxd.it/1YP0,5
2024-12-11,The Rules of Attraction,2002,https://boxd.it/286Y,5
2024-12-14,Black Book,2006,https://boxd.it/1Zea,5
2024-12-16,The Beautiful Person,2008,https://boxd.it/152W,5
2024-12-16,Belle de Jour,1967,https://boxd.it/29Uq,5
2024-12-18,Shoot the Piano Player,1960,https://boxd.it/285w,5
2024-12-20,"White Hunter, Black Heart",1990,https://boxd.it/1oRY,5
2024-12-21,Jules and Jim,1962,https://boxd.it/28rM,5
2024-12-22,Anna,1967,https://boxd.it/Ppq,5
2024-12-26,A Perfect World,1993,https://boxd.it/1Yng,5
2024-12-26,Carry-On,2024,https://boxd.it/C0B2,5
2024-12-28,Absolute Power,1997,https://boxd.it/2bem,5
2024-12-28,Malice,1993,https://boxd.it/276o,5
2024-12-30,Candyman,1992,https://boxd.it/1Ys6,5
2025-01-05,Cutter's Way,1981,https://boxd.it/1iKW,5
2025-01-06,The Addiction,1995,https://boxd.it/1cZQ,5
2025-01-07,Welcome to New York,2014,https://boxd.it/5XhO,5
2025-01-10,Se7en,1995,https://boxd.it/29zs,5
2025-01-12,Thirteen,2003,https://boxd.it/1UPK,5
2025-01-14,Nights of Cabiria,1957,https://boxd.it/1F7e,5
2025-01-15,Lovely & Amazing,2001,https://boxd.it/EAi,5
2025-01-16,Zabriskie Point,1970,https://boxd.it/25Yy,5
2025-01-19,Opening Night,1977,https://boxd.it/1f4e,5
2025-01-19,Passion,2012,https://boxd.it/3G5W,5
2025-01-20,Sudden Manhattan,1996,https://boxd.it/3AX4,5
2025-01-20,Trust,1990,https://boxd.it/18Co,5
2025-01-21,The Piano,1993,https://boxd.it/29Kq,5
2025-01-23,Dark Waters,2019,https://boxd.it/kaYu,5
2025-01-24,2046,2004,https://boxd.it/29tu,5
2025-01-26,Natural Born Killers,1994,https://boxd.it/2aNg,5
2025-01-27,Millennium Mambo,2001,https://boxd.it/1Tzw,5
2025-01-30,The Rachel Papers,1989,https://boxd.it/Y8o,5
2025-01-31,A Perfect Murder,1998,https://boxd.it/27Ke,5
2025-02-02,Personal Shopper,2016,https://boxd.it/bkGM,5
2025-02-03,Companion,2025,https://boxd.it/F04o,5
2025-02-04,Big Girls Don't Cry... They Get Even,1991,https://boxd.it/LRg,5
2025-02-05,Simple Men,1992,https://boxd.it/JQq,5
2025-02-07,Red Rooms,2023,https://boxd.it/ym4c,5
2025-02-11,For Your Consideration,2006,https://boxd.it/1NmG,5
2025-02-12,Small Time Crooks,2000,https://boxd.it/1VVY,5
2025-02-13,The Book of Life,1998,https://boxd.it/1z78,5
2025-02-17,Tangerine,2015,https://boxd.it/9QRe,5
2025-02-19,Starlet,2012,https://boxd.it/3dvG,5
2025-03-03,Million Dollar Baby,2004,https://boxd.it/2bdI,5
2025-03-11,Citizen Kane,1941,https://boxd.it/71O,5
2025-03-13,Love & Pop,1998,https://boxd.it/2sv0,5
2025-03-16,Ishtar,1987,https://boxd.it/1Rny,5
2025-03-23,The Deep Blue Sea,2011,https://boxd.it/A4C,5
2025-03-24,The Heartbreak Kid,1972,https://boxd.it/11aM,5
2025-03-26,Crossing Delancey,1988,https://boxd.it/1rTS,5
2025-03-30,Malcolm X,1992,https://boxd.it/27WE,5
2025-04-03,Happiness,1998,https://boxd.it/1VEe,5
2025-04-05,The Immigrant,2013,https://boxd.it/4O2e,5
2025-04-06,The Lady from Shanghai,1947,https://boxd.it/251Q,5
2025-04-09,Priscilla,2023,https://boxd.it/Cz3k,5
2025-04-15,Welcome to the Dollhouse,1995,https://boxd.it/1TPO,5
2025-04-18,Storytelling,2001,https://boxd.it/1JYm,5
2025-04-19,Palindromes,2004,https://boxd.it/1QUc,5
2025-04-22,Life During Wartime,2009,https://boxd.it/13cq,5
2025-04-24,Trap,2024,https://boxd.it/D4nK,5
2025-04-24,Showdown in Little Tokyo,1991,https://boxd.it/1QHW,5
2025-04-28,The Graduate,1967,https://boxd.it/18Im,5
2025-04-28,You've Got Mail,1998,https://boxd.it/1Yye,5
2025-04-28,Elephant,2003,https://boxd.it/287i,5
2025-04-28,France,2021,https://boxd.it/mdP0,5
2025-04-28,Compliance,2012,https://boxd.it/2XNE,5
2025-04-28,Hard Eight,1996,https://boxd.it/20DU,5
2025-04-28,"The French Dispatch of the Liberty, Kansas Evening Sun",2021,https://boxd.it/jLP8,5
2025-04-28,Asteroid City,2023,https://boxd.it/s3ds,5
2025-04-28,Limitless,2011,https://boxd.it/Aly,5
2025-04-29,The Hunted,2003,https://boxd.it/1VM8,5
2025-05-02,Prêt-à-Porter,1994,https://boxd.it/259U,5
2025-05-03,M*A*S*H,1970,https://boxd.it/29U6,5
2025-05-06,Spider-Man,2002,https://boxd.it/2a8i,5
2025-05-07,Spider-Man 2,2004,https://boxd.it/2a88,5
2025-05-09,Spider-Man 3,2007,https://boxd.it/2a7Y,5
2025-05-10,One Fine Morning,2022,https://boxd.it/s4Ta,5
2025-05-13,Last Summer,2023,https://boxd.it/uzY0,5
2025-05-16,The Shrouds,2024,https://boxd.it/AEZa,5
2025-05-21,Fat Girl,2001,https://boxd.it/2a6w,5
2025-05-25,Final Destination Bloodlines,2025,https://boxd.it/l5y4,5
2025-05-26,"Oslo, August 31st",2011,https://boxd.it/2xQC,5
2025-05-27,Prozac Nation,2001,https://boxd.it/1KxG,5
2025-06-02,Sister,2012,https://boxd.it/3tOE,5
2025-06-03,Crazy/Beautiful,2001,https://boxd.it/1VCW,5
2025-06-08,The Village,2004,https://boxd.it/21iS,5
2025-06-09,The Accountant²,2025,https://boxd.it/wOm0,5
2025-06-10,Civil War,2024,https://boxd.it/z1jW,5
2025-06-12,Full Metal Jacket,1987,https://boxd.it/2a1Q,5
2025-06-16,A Single Man,2009,https://boxd.it/1dx4,5
2025-06-17,The Searchers,1956,https://boxd.it/25HC,5
2025-06-17,"South Park: Bigger, Longer & Uncut",1999,https://boxd.it/1YAO,5
2025-06-18,Prime Cut,1972,https://boxd.it/1s7K,5
2025-06-19,The House That Jack Built,2018,https://boxd.it/dWO4,5
2025-06-20,Two Mules for Sister Sara,1970,https://boxd.it/1SMk,5
2025-06-21,Antichrist,2009,https://boxd.it/1Inu,5
2025-06-24,Christiane F.,1981,https://boxd.it/1YiA,5
2025-06-25,Touch of Evil,1958,https://boxd.it/28II,5
2025-06-26,Mahjong,1996,https://boxd.it/uku,5
2025-06-30,The Trial,1962,https://boxd.it/25Xg,5
2025-07-02,The Last Picture Show,1971,https://boxd.it/1weg,5
2025-07-07,Burn After Reading,2008,https://boxd.it/23BW,5
2025-07-08,Paper Moon,1973,https://boxd.it/1Ud2,5
2025-07-12,Lilya 4-ever,2002,https://boxd.it/1SyW,5
2025-07-14,Certain Women,2016,https://boxd.it/bk7W,5
2025-07-16,Female Perversions,1996,https://boxd.it/2kii,5
2025-07-19,La Cérémonie,1995,https://boxd.it/287C,5
2025-07-24,Céline and Julie Go Boating,1974,https://boxd.it/1sGA,5
2025-07-27,"Sorry, Baby",2025,https://boxd.it/JKNi,5
2025-07-29,Out of Sight,1998,https://boxd.it/28R6,5
2025-08-01,Bonjour Tristesse,1958,https://boxd.it/27OK,5
2025-08-03,We Need to Talk About Kevin,2011,https://boxd.it/2pTS,5
2025-08-05,The Fire Within,1963,https://boxd.it/26AM,5
2025-08-07,Zazie dans le Métro,1960,https://boxd.it/26Co,5
2025-08-10,Hiroshima Mon Amour,1959,https://boxd.it/22WY,5
2025-08-23,Le Beau Serge,1958,https://boxd.it/22Vm,5
2025-08-29,Bullet in the Head,1990,https://boxd.it/1SNs,5
2025-09-05,Nashville,1975,https://boxd.it/25GE,5
2025-09-06,The Exorcist,1973,https://boxd.it/1Yoo,5
2025-09-17,Portrait of a Lady on Fire,2019,https://boxd.it/jkPq,5
2025-09-29,Running on Empty,1988,https://boxd.it/1How,5
2025-09-30,Midnight Run,1988,https://boxd.it/1ZnQ,5
2025-10-01,Wiener-Dog,2016,https://boxd.it/aD3M,5
2025-10-06,The Battle of Algiers,1966,https://boxd.it/1IRY,5
2025-10-07,One Battle After Another,2025,https://boxd.it/DUHM,5
2025-10-08,Irreversible,2002,https://boxd.it/29as,5
2025-10-08,Avatar: The Way of Water,2022,https://boxd.it/2E2E,5
2025-10-25,Roofman,2025,https://boxd.it/LcIW,5
2025-10-26,Funny Games,2007,https://boxd.it/207a,5
2025-10-28,Shivers,1975,https://boxd.it/1rPG,5
2025-10-29,Something's Gotta Give,2003,https://boxd.it/21gC,5
2025-11-01,The Mastermind,2025,https://boxd.it/Q7ge,5
2025-11-08,Sentimental Value,2025,https://boxd.it/GwcG,5
2025-11-10,Predator: Badlands,2025,https://boxd.it/LeK6,5
2025-11-27,After the Hunt,2025,https://boxd.it/Mdra,5
2025-12-06,Side Effects,2013,https://boxd.it/3GA6,5
2025-12-09,Proof,2005,https://boxd.it/1XPI,5
2025-12-20,The Housemaid,2025,https://boxd.it/QFEO,5
2025-12-21,Drowning by Numbers,1988,https://boxd.it/1rYe,5
2025-12-23,Marty Supreme,2025,https://boxd.it/Off0,5
2025-12-26,The 15:17 to Paris,2018,https://boxd.it/gatS,5
2025-12-28,Catch Me If You Can,2002,https://boxd.it/29VS,5
2025-12-30,Dark Horse,2011,https://boxd.it/2VCY,5
2026-01-02,J. Edgar,2011,https://boxd.it/38B0,5
2026-01-03,Demonlover,2002,https://boxd.it/1xz0,5
2026-01-03,New Rose Hotel,1998,https://boxd.it/1BVY,5
2026-01-06,Mrs. Hyde,2017,https://boxd.it/fSWi,5
2026-01-12,The Soft Skin,1964,https://boxd.it/28eI,5
2026-01-13,Chloe,2009,https://boxd.it/1pZk,5
2026-01-19,A New Leaf,1971,https://boxd.it/19FS,5
2026-01-26,Bringing Up Baby,1938,https://boxd.it/29ks,5
2026-01-28,"What's Up, Doc?",1972,https://boxd.it/21iy,5
2026-01-30,Bigger Than Life,1956,https://boxd.it/1uB8,5
2026-02-05,Frenzy,1972,https://boxd.it/2a62,5
2026-02-12,3 Women,1977,https://boxd.it/YPs,5
2026-02-17,Bonnie and Clyde,1967,https://boxd.it/2ajg,5
2026-04-02,Send Help,2026,https://boxd.it/JuhA,5
2026-04-06,The Ladies Man,1961,https://boxd.it/1pPE,5
2026-04-19,Sibyl,2019,https://boxd.it/kum6,5
2026-04-20,Roommates,2026,https://boxd.it/WcPU,5
2026-04-25,Unfaithful,2002,https://boxd.it/275A,5
2026-04-27,Sea of Love,1989,https://boxd.it/1Sq4,5
2026-05-04,Loulou,1980,https://boxd.it/13Jk,5
2026-05-06,Love,2015,https://boxd.it/9brE,5
2026-05-19,They All Laughed,1981,https://boxd.it/1i7g,5
2026-05-21,Body Heat,1981,https://boxd.it/1O9S,5
2026-07-07,Eddington,2025,https://boxd.it/o6MC,5
2026-07-24,The Invite,2026,https://boxd.it/zRNY,5
